"id","n","label","parent"
"total",120441,NA,NA
"total",453,"total","total"
"total  -  Action",18782,"Action","total"
"total  -  Adventure",10834,"Adventure","total"
"total  -  Animation",3874,"Animation","total"
"total  -  Comedy",16745,"Comedy","total"
"total  -  Crime",13109,"Crime","total"
"total  -  Documentary",167,"Documentary","total"
"total  -  Drama",30474,"Drama","total"
"total  -  Family",365,"Family","total"
"total  -  Fantasy",2290,"Fantasy","total"
"total  -  Horror",631,"Horror","total"
"total  -  Music",358,"Music","total"
"total  -  Mystery",5327,"Mystery","total"
"total  -  Romance",9364,"Romance","total"
"total  -  Sci Fi",1104,"Sci Fi","total"
"total  -  Thriller",6564,"Thriller","total"
"total  -  Western",453,"Western","total"
"total  -  Action  -  Argentina",142,"Argentina","total  -  Action"
"total  -  Adventure  -  Argentina",101,"Argentina","total  -  Adventure"
"total  -  Animation  -  Argentina",51,"Argentina","total  -  Animation"
"total  -  Comedy  -  Argentina",170,"Argentina","total  -  Comedy"
"total  -  Crime  -  Argentina",133,"Argentina","total  -  Crime"
"total  -  Drama  -  Argentina",367,"Argentina","total  -  Drama"
"total  -  Music  -  Argentina",35,"Argentina","total  -  Music"
"total  -  Mystery  -  Argentina",64,"Argentina","total  -  Mystery"
"total  -  Romance  -  Argentina",108,"Argentina","total  -  Romance"
"total  -  Thriller  -  Argentina",81,"Argentina","total  -  Thriller"
"total  -  Action  -  Australia",198,"Australia","total  -  Action"
"total  -  Adventure  -  Australia",137,"Australia","total  -  Adventure"
"total  -  Animation  -  Australia",53,"Australia","total  -  Animation"
"total  -  Comedy  -  Australia",193,"Australia","total  -  Comedy"
"total  -  Crime  -  Australia",141,"Australia","total  -  Crime"
"total  -  Drama  -  Australia",279,"Australia","total  -  Drama"
"total  -  Fantasy  -  Australia",52,"Australia","total  -  Fantasy"
"total  -  Mystery  -  Australia",64,"Australia","total  -  Mystery"
"total  -  Romance  -  Australia",85,"Australia","total  -  Romance"
"total  -  Thriller  -  Australia",69,"Australia","total  -  Thriller"
"total  -  Action  -  Austria",207,"Austria","total  -  Action"
"total  -  Adventure  -  Austria",128,"Austria","total  -  Adventure"
"total  -  Comedy  -  Austria",185,"Austria","total  -  Comedy"
"total  -  Crime  -  Austria",156,"Austria","total  -  Crime"
"total  -  Drama  -  Austria",322,"Austria","total  -  Drama"
"total  -  Family  -  Austria",42,"Austria","total  -  Family"
"total  -  Fantasy  -  Austria",60,"Austria","total  -  Fantasy"
"total  -  Mystery  -  Austria",62,"Austria","total  -  Mystery"
"total  -  Romance  -  Austria",87,"Austria","total  -  Romance"
"total  -  Thriller  -  Austria",71,"Austria","total  -  Thriller"
"total  -  Action  -  Bahamas",177,"Bahamas","total  -  Action"
"total  -  Adventure  -  Bahamas",104,"Bahamas","total  -  Adventure"
"total  -  Animation  -  Bahamas",76,"Bahamas","total  -  Animation"
"total  -  Comedy  -  Bahamas",179,"Bahamas","total  -  Comedy"
"total  -  Crime  -  Bahamas",134,"Bahamas","total  -  Crime"
"total  -  Drama  -  Bahamas",278,"Bahamas","total  -  Drama"
"total  -  Family  -  Bahamas",52,"Bahamas","total  -  Family"
"total  -  Mystery  -  Bahamas",50,"Bahamas","total  -  Mystery"
"total  -  Romance  -  Bahamas",74,"Bahamas","total  -  Romance"
"total  -  Thriller  -  Bahamas",103,"Bahamas","total  -  Thriller"
"total  -  Action  -  Bahrain",217,"Bahrain","total  -  Action"
"total  -  Adventure  -  Bahrain",114,"Bahrain","total  -  Adventure"
"total  -  Comedy  -  Bahrain",156,"Bahrain","total  -  Comedy"
"total  -  Crime  -  Bahrain",147,"Bahrain","total  -  Crime"
"total  -  Drama  -  Bahrain",339,"Bahrain","total  -  Drama"
"total  -  Fantasy  -  Bahrain",39,"Bahrain","total  -  Fantasy"
"total  -  Horror  -  Bahrain",36,"Bahrain","total  -  Horror"
"total  -  Mystery  -  Bahrain",57,"Bahrain","total  -  Mystery"
"total  -  Romance  -  Bahrain",88,"Bahrain","total  -  Romance"
"total  -  Thriller  -  Bahrain",80,"Bahrain","total  -  Thriller"
"total  -  Action  -  Bangladesh",243,"Bangladesh","total  -  Action"
"total  -  Adventure  -  Bangladesh",91,"Bangladesh","total  -  Adventure"
"total  -  Animation  -  Bangladesh",31,"Bangladesh","total  -  Animation"
"total  -  Comedy  -  Bangladesh",183,"Bangladesh","total  -  Comedy"
"total  -  Crime  -  Bangladesh",180,"Bangladesh","total  -  Crime"
"total  -  Drama  -  Bangladesh",373,"Bangladesh","total  -  Drama"
"total  -  Mystery  -  Bangladesh",101,"Bangladesh","total  -  Mystery"
"total  -  Romance  -  Bangladesh",99,"Bangladesh","total  -  Romance"
"total  -  Sci Fi  -  Bangladesh",40,"Bangladesh","total  -  Sci Fi"
"total  -  Thriller  -  Bangladesh",77,"Bangladesh","total  -  Thriller"
"total  -  Action  -  Belgium",214,"Belgium","total  -  Action"
"total  -  Adventure  -  Belgium",138,"Belgium","total  -  Adventure"
"total  -  Animation  -  Belgium",53,"Belgium","total  -  Animation"
"total  -  Comedy  -  Belgium",184,"Belgium","total  -  Comedy"
"total  -  Crime  -  Belgium",139,"Belgium","total  -  Crime"
"total  -  Drama  -  Belgium",315,"Belgium","total  -  Drama"
"total  -  Fantasy  -  Belgium",57,"Belgium","total  -  Fantasy"
"total  -  Mystery  -  Belgium",53,"Belgium","total  -  Mystery"
"total  -  Romance  -  Belgium",91,"Belgium","total  -  Romance"
"total  -  Thriller  -  Belgium",63,"Belgium","total  -  Thriller"
"total  -  Action  -  Bolivia",163,"Bolivia","total  -  Action"
"total  -  Adventure  -  Bolivia",136,"Bolivia","total  -  Adventure"
"total  -  Animation  -  Bolivia",94,"Bolivia","total  -  Animation"
"total  -  Comedy  -  Bolivia",212,"Bolivia","total  -  Comedy"
"total  -  Crime  -  Bolivia",89,"Bolivia","total  -  Crime"
"total  -  Drama  -  Bolivia",275,"Bolivia","total  -  Drama"
"total  -  Fantasy  -  Bolivia",29,"Bolivia","total  -  Fantasy"
"total  -  Horror  -  Bolivia",29,"Bolivia","total  -  Horror"
"total  -  Mystery  -  Bolivia",47,"Bolivia","total  -  Mystery"
"total  -  Romance  -  Bolivia",112,"Bolivia","total  -  Romance"
"total  -  Thriller  -  Bolivia",53,"Bolivia","total  -  Thriller"
"total  -  Action  -  Brazil",164,"Brazil","total  -  Action"
"total  -  Adventure  -  Brazil",183,"Brazil","total  -  Adventure"
"total  -  Animation  -  Brazil",69,"Brazil","total  -  Animation"
"total  -  Comedy  -  Brazil",218,"Brazil","total  -  Comedy"
"total  -  Crime  -  Brazil",118,"Brazil","total  -  Crime"
"total  -  Drama  -  Brazil",322,"Brazil","total  -  Drama"
"total  -  Family  -  Brazil",101,"Brazil","total  -  Family"
"total  -  Mystery  -  Brazil",54,"Brazil","total  -  Mystery"
"total  -  Romance  -  Brazil",122,"Brazil","total  -  Romance"
"total  -  Thriller  -  Brazil",69,"Brazil","total  -  Thriller"
"total  -  Action  -  Bulgaria",228,"Bulgaria","total  -  Action"
"total  -  Adventure  -  Bulgaria",132,"Bulgaria","total  -  Adventure"
"total  -  Animation  -  Bulgaria",52,"Bulgaria","total  -  Animation"
"total  -  Comedy  -  Bulgaria",182,"Bulgaria","total  -  Comedy"
"total  -  Crime  -  Bulgaria",131,"Bulgaria","total  -  Crime"
"total  -  Drama  -  Bulgaria",309,"Bulgaria","total  -  Drama"
"total  -  Fantasy  -  Bulgaria",39,"Bulgaria","total  -  Fantasy"
"total  -  Mystery  -  Bulgaria",48,"Bulgaria","total  -  Mystery"
"total  -  Romance  -  Bulgaria",101,"Bulgaria","total  -  Romance"
"total  -  Sci Fi  -  Bulgaria",39,"Bulgaria","total  -  Sci Fi"
"total  -  Thriller  -  Bulgaria",59,"Bulgaria","total  -  Thriller"
"total  -  Action  -  Canada",178,"Canada","total  -  Action"
"total  -  Adventure  -  Canada",109,"Canada","total  -  Adventure"
"total  -  Animation  -  Canada",52,"Canada","total  -  Animation"
"total  -  Comedy  -  Canada",178,"Canada","total  -  Comedy"
"total  -  Crime  -  Canada",146,"Canada","total  -  Crime"
"total  -  Drama  -  Canada",267,"Canada","total  -  Drama"
"total  -  Mystery  -  Canada",73,"Canada","total  -  Mystery"
"total  -  Romance  -  Canada",85,"Canada","total  -  Romance"
"total  -  Sci Fi  -  Canada",39,"Canada","total  -  Sci Fi"
"total  -  Thriller  -  Canada",84,"Canada","total  -  Thriller"
"total  -  Action  -  Chile",139,"Chile","total  -  Action"
"total  -  Adventure  -  Chile",119,"Chile","total  -  Adventure"
"total  -  Animation  -  Chile",70,"Chile","total  -  Animation"
"total  -  Comedy  -  Chile",194,"Chile","total  -  Comedy"
"total  -  Crime  -  Chile",106,"Chile","total  -  Crime"
"total  -  Drama  -  Chile",336,"Chile","total  -  Drama"
"total  -  Music  -  Chile",35,"Chile","total  -  Music"
"total  -  Mystery  -  Chile",49,"Chile","total  -  Mystery"
"total  -  Romance  -  Chile",129,"Chile","total  -  Romance"
"total  -  Thriller  -  Chile",61,"Chile","total  -  Thriller"
"total  -  Action  -  Colombia",150,"Colombia","total  -  Action"
"total  -  Adventure  -  Colombia",106,"Colombia","total  -  Adventure"
"total  -  Animation  -  Colombia",57,"Colombia","total  -  Animation"
"total  -  Comedy  -  Colombia",184,"Colombia","total  -  Comedy"
"total  -  Crime  -  Colombia",116,"Colombia","total  -  Crime"
"total  -  Documentary  -  Colombia",35,"Colombia","total  -  Documentary"
"total  -  Drama  -  Colombia",291,"Colombia","total  -  Drama"
"total  -  Mystery  -  Colombia",49,"Colombia","total  -  Mystery"
"total  -  Romance  -  Colombia",118,"Colombia","total  -  Romance"
"total  -  Thriller  -  Colombia",74,"Colombia","total  -  Thriller"
"total  -  Action  -  Costa Rica",127,"Costa Rica","total  -  Action"
"total  -  Adventure  -  Costa Rica",95,"Costa Rica","total  -  Adventure"
"total  -  Animation  -  Costa Rica",57,"Costa Rica","total  -  Animation"
"total  -  Comedy  -  Costa Rica",197,"Costa Rica","total  -  Comedy"
"total  -  Crime  -  Costa Rica",100,"Costa Rica","total  -  Crime"
"total  -  Drama  -  Costa Rica",326,"Costa Rica","total  -  Drama"
"total  -  Music  -  Costa Rica",32,"Costa Rica","total  -  Music"
"total  -  Mystery  -  Costa Rica",47,"Costa Rica","total  -  Mystery"
"total  -  Romance  -  Costa Rica",138,"Costa Rica","total  -  Romance"
"total  -  Thriller  -  Costa Rica",70,"Costa Rica","total  -  Thriller"
"total  -  Action  -  Croatia",187,"Croatia","total  -  Action"
"total  -  Adventure  -  Croatia",114,"Croatia","total  -  Adventure"
"total  -  Animation  -  Croatia",50,"Croatia","total  -  Animation"
"total  -  Comedy  -  Croatia",202,"Croatia","total  -  Comedy"
"total  -  Crime  -  Croatia",147,"Croatia","total  -  Crime"
"total  -  Documentary  -  Croatia",28,"Croatia","total  -  Documentary"
"total  -  Drama  -  Croatia",307,"Croatia","total  -  Drama"
"total  -  Fantasy  -  Croatia",28,"Croatia","total  -  Fantasy"
"total  -  Mystery  -  Croatia",51,"Croatia","total  -  Mystery"
"total  -  Romance  -  Croatia",100,"Croatia","total  -  Romance"
"total  -  Thriller  -  Croatia",64,"Croatia","total  -  Thriller"
"total  -  Action  -  Cyprus",215,"Cyprus","total  -  Action"
"total  -  Adventure  -  Cyprus",134,"Cyprus","total  -  Adventure"
"total  -  Animation  -  Cyprus",46,"Cyprus","total  -  Animation"
"total  -  Comedy  -  Cyprus",186,"Cyprus","total  -  Comedy"
"total  -  Crime  -  Cyprus",140,"Cyprus","total  -  Crime"
"total  -  Drama  -  Cyprus",339,"Cyprus","total  -  Drama"
"total  -  Mystery  -  Cyprus",52,"Cyprus","total  -  Mystery"
"total  -  Romance  -  Cyprus",92,"Cyprus","total  -  Romance"
"total  -  Sci Fi  -  Cyprus",48,"Cyprus","total  -  Sci Fi"
"total  -  Thriller  -  Cyprus",57,"Cyprus","total  -  Thriller"
"total  -  Action  -  Czech Republic",207,"Czech Republic","total  -  Action"
"total  -  Adventure  -  Czech Republic",151,"Czech Republic","total  -  Adventure"
"total  -  Animation  -  Czech Republic",82,"Czech Republic","total  -  Animation"
"total  -  Comedy  -  Czech Republic",185,"Czech Republic","total  -  Comedy"
"total  -  Crime  -  Czech Republic",140,"Czech Republic","total  -  Crime"
"total  -  Drama  -  Czech Republic",294,"Czech Republic","total  -  Drama"
"total  -  Fantasy  -  Czech Republic",49,"Czech Republic","total  -  Fantasy"
"total  -  Mystery  -  Czech Republic",55,"Czech Republic","total  -  Mystery"
"total  -  Romance  -  Czech Republic",82,"Czech Republic","total  -  Romance"
"total  -  Thriller  -  Czech Republic",54,"Czech Republic","total  -  Thriller"
"total  -  Action  -  Denmark",200,"Denmark","total  -  Action"
"total  -  Adventure  -  Denmark",125,"Denmark","total  -  Adventure"
"total  -  Animation  -  Denmark",57,"Denmark","total  -  Animation"
"total  -  Comedy  -  Denmark",182,"Denmark","total  -  Comedy"
"total  -  Crime  -  Denmark",157,"Denmark","total  -  Crime"
"total  -  Drama  -  Denmark",318,"Denmark","total  -  Drama"
"total  -  Fantasy  -  Denmark",42,"Denmark","total  -  Fantasy"
"total  -  Mystery  -  Denmark",56,"Denmark","total  -  Mystery"
"total  -  Romance  -  Denmark",88,"Denmark","total  -  Romance"
"total  -  Thriller  -  Denmark",61,"Denmark","total  -  Thriller"
"total  -  Action  -  Dominican Republic",178,"Dominican Republic","total  -  Action"
"total  -  Adventure  -  Dominican Republic",110,"Dominican Republic","total  -  Adventure"
"total  -  Animation  -  Dominican Republic",50,"Dominican Republic","total  -  Animation"
"total  -  Comedy  -  Dominican Republic",152,"Dominican Republic","total  -  Comedy"
"total  -  Crime  -  Dominican Republic",116,"Dominican Republic","total  -  Crime"
"total  -  Drama  -  Dominican Republic",281,"Dominican Republic","total  -  Drama"
"total  -  Fantasy  -  Dominican Republic",36,"Dominican Republic","total  -  Fantasy"
"total  -  Mystery  -  Dominican Republic",49,"Dominican Republic","total  -  Mystery"
"total  -  Romance  -  Dominican Republic",85,"Dominican Republic","total  -  Romance"
"total  -  Thriller  -  Dominican Republic",76,"Dominican Republic","total  -  Thriller"
"total  -  Action  -  Ecuador",153,"Ecuador","total  -  Action"
"total  -  Adventure  -  Ecuador",119,"Ecuador","total  -  Adventure"
"total  -  Animation  -  Ecuador",67,"Ecuador","total  -  Animation"
"total  -  Comedy  -  Ecuador",192,"Ecuador","total  -  Comedy"
"total  -  Crime  -  Ecuador",90,"Ecuador","total  -  Crime"
"total  -  Drama  -  Ecuador",277,"Ecuador","total  -  Drama"
"total  -  Music  -  Ecuador",31,"Ecuador","total  -  Music"
"total  -  Mystery  -  Ecuador",41,"Ecuador","total  -  Mystery"
"total  -  Romance  -  Ecuador",104,"Ecuador","total  -  Romance"
"total  -  Thriller  -  Ecuador",64,"Ecuador","total  -  Thriller"
"total  -  Action  -  Egypt",204,"Egypt","total  -  Action"
"total  -  Adventure  -  Egypt",107,"Egypt","total  -  Adventure"
"total  -  Animation  -  Egypt",36,"Egypt","total  -  Animation"
"total  -  Comedy  -  Egypt",176,"Egypt","total  -  Comedy"
"total  -  Crime  -  Egypt",130,"Egypt","total  -  Crime"
"total  -  Drama  -  Egypt",338,"Egypt","total  -  Drama"
"total  -  Fantasy  -  Egypt",36,"Egypt","total  -  Fantasy"
"total  -  Mystery  -  Egypt",49,"Egypt","total  -  Mystery"
"total  -  Romance  -  Egypt",105,"Egypt","total  -  Romance"
"total  -  Thriller  -  Egypt",73,"Egypt","total  -  Thriller"
"total  -  Action  -  El Salvador",142,"El Salvador","total  -  Action"
"total  -  Adventure  -  El Salvador",103,"El Salvador","total  -  Adventure"
"total  -  Animation  -  El Salvador",62,"El Salvador","total  -  Animation"
"total  -  Comedy  -  El Salvador",186,"El Salvador","total  -  Comedy"
"total  -  Crime  -  El Salvador",106,"El Salvador","total  -  Crime"
"total  -  Drama  -  El Salvador",293,"El Salvador","total  -  Drama"
"total  -  Music  -  El Salvador",30,"El Salvador","total  -  Music"
"total  -  Mystery  -  El Salvador",43,"El Salvador","total  -  Mystery"
"total  -  Romance  -  El Salvador",110,"El Salvador","total  -  Romance"
"total  -  Thriller  -  El Salvador",63,"El Salvador","total  -  Thriller"
"total  -  Action  -  Estonia",193,"Estonia","total  -  Action"
"total  -  Adventure  -  Estonia",126,"Estonia","total  -  Adventure"
"total  -  Animation  -  Estonia",52,"Estonia","total  -  Animation"
"total  -  Comedy  -  Estonia",217,"Estonia","total  -  Comedy"
"total  -  Crime  -  Estonia",114,"Estonia","total  -  Crime"
"total  -  Drama  -  Estonia",261,"Estonia","total  -  Drama"
"total  -  Mystery  -  Estonia",60,"Estonia","total  -  Mystery"
"total  -  Romance  -  Estonia",87,"Estonia","total  -  Romance"
"total  -  Sci Fi  -  Estonia",49,"Estonia","total  -  Sci Fi"
"total  -  Thriller  -  Estonia",57,"Estonia","total  -  Thriller"
"total  -  Action  -  Finland",209,"Finland","total  -  Action"
"total  -  Adventure  -  Finland",116,"Finland","total  -  Adventure"
"total  -  Animation  -  Finland",57,"Finland","total  -  Animation"
"total  -  Comedy  -  Finland",174,"Finland","total  -  Comedy"
"total  -  Crime  -  Finland",157,"Finland","total  -  Crime"
"total  -  Drama  -  Finland",335,"Finland","total  -  Drama"
"total  -  Fantasy  -  Finland",36,"Finland","total  -  Fantasy"
"total  -  Mystery  -  Finland",56,"Finland","total  -  Mystery"
"total  -  Romance  -  Finland",82,"Finland","total  -  Romance"
"total  -  Thriller  -  Finland",60,"Finland","total  -  Thriller"
"total  -  Action  -  France",217,"France","total  -  Action"
"total  -  Adventure  -  France",133,"France","total  -  Adventure"
"total  -  Animation  -  France",49,"France","total  -  Animation"
"total  -  Comedy  -  France",154,"France","total  -  Comedy"
"total  -  Crime  -  France",148,"France","total  -  Crime"
"total  -  Drama  -  France",352,"France","total  -  Drama"
"total  -  Fantasy  -  France",58,"France","total  -  Fantasy"
"total  -  Mystery  -  France",51,"France","total  -  Mystery"
"total  -  Romance  -  France",79,"France","total  -  Romance"
"total  -  Thriller  -  France",78,"France","total  -  Thriller"
"total  -  Action  -  Germany",216,"Germany","total  -  Action"
"total  -  Adventure  -  Germany",154,"Germany","total  -  Adventure"
"total  -  Comedy  -  Germany",183,"Germany","total  -  Comedy"
"total  -  Crime  -  Germany",153,"Germany","total  -  Crime"
"total  -  Drama  -  Germany",324,"Germany","total  -  Drama"
"total  -  Family  -  Germany",53,"Germany","total  -  Family"
"total  -  Fantasy  -  Germany",69,"Germany","total  -  Fantasy"
"total  -  Mystery  -  Germany",56,"Germany","total  -  Mystery"
"total  -  Romance  -  Germany",79,"Germany","total  -  Romance"
"total  -  Thriller  -  Germany",74,"Germany","total  -  Thriller"
"total  -  Action  -  Greece",201,"Greece","total  -  Action"
"total  -  Adventure  -  Greece",129,"Greece","total  -  Adventure"
"total  -  Animation  -  Greece",49,"Greece","total  -  Animation"
"total  -  Comedy  -  Greece",166,"Greece","total  -  Comedy"
"total  -  Crime  -  Greece",143,"Greece","total  -  Crime"
"total  -  Drama  -  Greece",335,"Greece","total  -  Drama"
"total  -  Fantasy  -  Greece",44,"Greece","total  -  Fantasy"
"total  -  Mystery  -  Greece",58,"Greece","total  -  Mystery"
"total  -  Romance  -  Greece",93,"Greece","total  -  Romance"
"total  -  Thriller  -  Greece",55,"Greece","total  -  Thriller"
"total  -  Action  -  Guadeloupe",229,"Guadeloupe","total  -  Action"
"total  -  Adventure  -  Guadeloupe",106,"Guadeloupe","total  -  Adventure"
"total  -  Animation  -  Guadeloupe",46,"Guadeloupe","total  -  Animation"
"total  -  Comedy  -  Guadeloupe",159,"Guadeloupe","total  -  Comedy"
"total  -  Crime  -  Guadeloupe",147,"Guadeloupe","total  -  Crime"
"total  -  Drama  -  Guadeloupe",344,"Guadeloupe","total  -  Drama"
"total  -  Fantasy  -  Guadeloupe",49,"Guadeloupe","total  -  Fantasy"
"total  -  Mystery  -  Guadeloupe",42,"Guadeloupe","total  -  Mystery"
"total  -  Romance  -  Guadeloupe",83,"Guadeloupe","total  -  Romance"
"total  -  Thriller  -  Guadeloupe",69,"Guadeloupe","total  -  Thriller"
"total  -  Action  -  Guatemala",127,"Guatemala","total  -  Action"
"total  -  Adventure  -  Guatemala",100,"Guatemala","total  -  Adventure"
"total  -  Animation  -  Guatemala",60,"Guatemala","total  -  Animation"
"total  -  Comedy  -  Guatemala",196,"Guatemala","total  -  Comedy"
"total  -  Crime  -  Guatemala",97,"Guatemala","total  -  Crime"
"total  -  Drama  -  Guatemala",301,"Guatemala","total  -  Drama"
"total  -  Music  -  Guatemala",31,"Guatemala","total  -  Music"
"total  -  Mystery  -  Guatemala",46,"Guatemala","total  -  Mystery"
"total  -  Romance  -  Guatemala",119,"Guatemala","total  -  Romance"
"total  -  Thriller  -  Guatemala",62,"Guatemala","total  -  Thriller"
"total  -  Action  -  Honduras",139,"Honduras","total  -  Action"
"total  -  Adventure  -  Honduras",88,"Honduras","total  -  Adventure"
"total  -  Animation  -  Honduras",44,"Honduras","total  -  Animation"
"total  -  Comedy  -  Honduras",187,"Honduras","total  -  Comedy"
"total  -  Crime  -  Honduras",109,"Honduras","total  -  Crime"
"total  -  Drama  -  Honduras",310,"Honduras","total  -  Drama"
"total  -  Music  -  Honduras",31,"Honduras","total  -  Music"
"total  -  Mystery  -  Honduras",47,"Honduras","total  -  Mystery"
"total  -  Romance  -  Honduras",124,"Honduras","total  -  Romance"
"total  -  Thriller  -  Honduras",67,"Honduras","total  -  Thriller"
"total  -  Action  -  Hong Kong",255,"Hong Kong","total  -  Action"
"total  -  Adventure  -  Hong Kong",121,"Hong Kong","total  -  Adventure"
"total  -  Comedy  -  Hong Kong",152,"Hong Kong","total  -  Comedy"
"total  -  Crime  -  Hong Kong",113,"Hong Kong","total  -  Crime"
"total  -  Drama  -  Hong Kong",341,"Hong Kong","total  -  Drama"
"total  -  Horror  -  Hong Kong",42,"Hong Kong","total  -  Horror"
"total  -  Mystery  -  Hong Kong",76,"Hong Kong","total  -  Mystery"
"total  -  Romance  -  Hong Kong",117,"Hong Kong","total  -  Romance"
"total  -  Sci Fi  -  Hong Kong",63,"Hong Kong","total  -  Sci Fi"
"total  -  Thriller  -  Hong Kong",70,"Hong Kong","total  -  Thriller"
"total  -  Action  -  Hungary",206,"Hungary","total  -  Action"
"total  -  Adventure  -  Hungary",127,"Hungary","total  -  Adventure"
"total  -  Animation  -  Hungary",67,"Hungary","total  -  Animation"
"total  -  Comedy  -  Hungary",186,"Hungary","total  -  Comedy"
"total  -  Crime  -  Hungary",160,"Hungary","total  -  Crime"
"total  -  Drama  -  Hungary",317,"Hungary","total  -  Drama"
"total  -  Fantasy  -  Hungary",43,"Hungary","total  -  Fantasy"
"total  -  Mystery  -  Hungary",54,"Hungary","total  -  Mystery"
"total  -  Romance  -  Hungary",110,"Hungary","total  -  Romance"
"total  -  Thriller  -  Hungary",62,"Hungary","total  -  Thriller"
"total  -  Action  -  Iceland",191,"Iceland","total  -  Action"
"total  -  Adventure  -  Iceland",126,"Iceland","total  -  Adventure"
"total  -  Animation  -  Iceland",52,"Iceland","total  -  Animation"
"total  -  Comedy  -  Iceland",195,"Iceland","total  -  Comedy"
"total  -  Crime  -  Iceland",139,"Iceland","total  -  Crime"
"total  -  Drama  -  Iceland",287,"Iceland","total  -  Drama"
"total  -  Mystery  -  Iceland",53,"Iceland","total  -  Mystery"
"total  -  Romance  -  Iceland",84,"Iceland","total  -  Romance"
"total  -  Sci Fi  -  Iceland",43,"Iceland","total  -  Sci Fi"
"total  -  Thriller  -  Iceland",55,"Iceland","total  -  Thriller"
"total  -  Action  -  India",269,"India","total  -  Action"
"total  -  Adventure  -  India",77,"India","total  -  Adventure"
"total  -  Comedy  -  India",177,"India","total  -  Comedy"
"total  -  Crime  -  India",222,"India","total  -  Crime"
"total  -  Drama  -  India",394,"India","total  -  Drama"
"total  -  Fantasy  -  India",42,"India","total  -  Fantasy"
"total  -  Horror  -  India",27,"India","total  -  Horror"
"total  -  Mystery  -  India",83,"India","total  -  Mystery"
"total  -  Romance  -  India",95,"India","total  -  Romance"
"total  -  Thriller  -  India",80,"India","total  -  Thriller"
"total  -  Action  -  Indonesia",231,"Indonesia","total  -  Action"
"total  -  Adventure  -  Indonesia",90,"Indonesia","total  -  Adventure"
"total  -  Comedy  -  Indonesia",175,"Indonesia","total  -  Comedy"
"total  -  Crime  -  Indonesia",149,"Indonesia","total  -  Crime"
"total  -  Drama  -  Indonesia",338,"Indonesia","total  -  Drama"
"total  -  Horror  -  Indonesia",42,"Indonesia","total  -  Horror"
"total  -  Mystery  -  Indonesia",82,"Indonesia","total  -  Mystery"
"total  -  Romance  -  Indonesia",107,"Indonesia","total  -  Romance"
"total  -  Sci Fi  -  Indonesia",40,"Indonesia","total  -  Sci Fi"
"total  -  Thriller  -  Indonesia",81,"Indonesia","total  -  Thriller"
"total  -  Action  -  Ireland",141,"Ireland","total  -  Action"
"total  -  Adventure  -  Ireland",132,"Ireland","total  -  Adventure"
"total  -  Animation  -  Ireland",66,"Ireland","total  -  Animation"
"total  -  Comedy  -  Ireland",214,"Ireland","total  -  Comedy"
"total  -  Crime  -  Ireland",143,"Ireland","total  -  Crime"
"total  -  Documentary  -  Ireland",35,"Ireland","total  -  Documentary"
"total  -  Drama  -  Ireland",293,"Ireland","total  -  Drama"
"total  -  Mystery  -  Ireland",42,"Ireland","total  -  Mystery"
"total  -  Romance  -  Ireland",92,"Ireland","total  -  Romance"
"total  -  Thriller  -  Ireland",52,"Ireland","total  -  Thriller"
"total  -  Action  -  Israel",204,"Israel","total  -  Action"
"total  -  Adventure  -  Israel",113,"Israel","total  -  Adventure"
"total  -  Animation  -  Israel",54,"Israel","total  -  Animation"
"total  -  Comedy  -  Israel",178,"Israel","total  -  Comedy"
"total  -  Crime  -  Israel",132,"Israel","total  -  Crime"
"total  -  Drama  -  Israel",336,"Israel","total  -  Drama"
"total  -  Mystery  -  Israel",42,"Israel","total  -  Mystery"
"total  -  Romance  -  Israel",95,"Israel","total  -  Romance"
"total  -  Sci Fi  -  Israel",37,"Israel","total  -  Sci Fi"
"total  -  Thriller  -  Israel",72,"Israel","total  -  Thriller"
"total  -  Action  -  Italy",187,"Italy","total  -  Action"
"total  -  Adventure  -  Italy",85,"Italy","total  -  Adventure"
"total  -  Comedy  -  Italy",167,"Italy","total  -  Comedy"
"total  -  Crime  -  Italy",153,"Italy","total  -  Crime"
"total  -  Drama  -  Italy",375,"Italy","total  -  Drama"
"total  -  Fantasy  -  Italy",44,"Italy","total  -  Fantasy"
"total  -  Horror  -  Italy",36,"Italy","total  -  Horror"
"total  -  Mystery  -  Italy",69,"Italy","total  -  Mystery"
"total  -  Romance  -  Italy",95,"Italy","total  -  Romance"
"total  -  Thriller  -  Italy",55,"Italy","total  -  Thriller"
"total  -  Action  -  Jamaica",217,"Jamaica","total  -  Action"
"total  -  Adventure  -  Jamaica",122,"Jamaica","total  -  Adventure"
"total  -  Animation  -  Jamaica",78,"Jamaica","total  -  Animation"
"total  -  Comedy  -  Jamaica",182,"Jamaica","total  -  Comedy"
"total  -  Crime  -  Jamaica",135,"Jamaica","total  -  Crime"
"total  -  Drama  -  Jamaica",284,"Jamaica","total  -  Drama"
"total  -  Fantasy  -  Jamaica",48,"Jamaica","total  -  Fantasy"
"total  -  Mystery  -  Jamaica",48,"Jamaica","total  -  Mystery"
"total  -  Romance  -  Jamaica",83,"Jamaica","total  -  Romance"
"total  -  Thriller  -  Jamaica",93,"Jamaica","total  -  Thriller"
"total  -  Action  -  Japan",240,"Japan","total  -  Action"
"total  -  Adventure  -  Japan",157,"Japan","total  -  Adventure"
"total  -  Animation  -  Japan",97,"Japan","total  -  Animation"
"total  -  Comedy  -  Japan",157,"Japan","total  -  Comedy"
"total  -  Crime  -  Japan",103,"Japan","total  -  Crime"
"total  -  Drama  -  Japan",273,"Japan","total  -  Drama"
"total  -  Horror  -  Japan",34,"Japan","total  -  Horror"
"total  -  Mystery  -  Japan",43,"Japan","total  -  Mystery"
"total  -  Romance  -  Japan",167,"Japan","total  -  Romance"
"total  -  Thriller  -  Japan",63,"Japan","total  -  Thriller"
"total  -  Action  -  Jordan",217,"Jordan","total  -  Action"
"total  -  Adventure  -  Jordan",97,"Jordan","total  -  Adventure"
"total  -  Animation  -  Jordan",31,"Jordan","total  -  Animation"
"total  -  Comedy  -  Jordan",229,"Jordan","total  -  Comedy"
"total  -  Crime  -  Jordan",136,"Jordan","total  -  Crime"
"total  -  Drama  -  Jordan",303,"Jordan","total  -  Drama"
"total  -  Fantasy  -  Jordan",33,"Jordan","total  -  Fantasy"
"total  -  Mystery  -  Jordan",45,"Jordan","total  -  Mystery"
"total  -  Romance  -  Jordan",161,"Jordan","total  -  Romance"
"total  -  Thriller  -  Jordan",69,"Jordan","total  -  Thriller"
"total  -  Action  -  Kenya",220,"Kenya","total  -  Action"
"total  -  Adventure  -  Kenya",91,"Kenya","total  -  Adventure"
"total  -  Comedy  -  Kenya",186,"Kenya","total  -  Comedy"
"total  -  Crime  -  Kenya",146,"Kenya","total  -  Crime"
"total  -  Drama  -  Kenya",327,"Kenya","total  -  Drama"
"total  -  Fantasy  -  Kenya",29,"Kenya","total  -  Fantasy"
"total  -  Mystery  -  Kenya",59,"Kenya","total  -  Mystery"
"total  -  Romance  -  Kenya",98,"Kenya","total  -  Romance"
"total  -  Sci Fi  -  Kenya",35,"Kenya","total  -  Sci Fi"
"total  -  Thriller  -  Kenya",74,"Kenya","total  -  Thriller"
"total  -  Action  -  Kuwait",233,"Kuwait","total  -  Action"
"total  -  Adventure  -  Kuwait",133,"Kuwait","total  -  Adventure"
"total  -  Animation  -  Kuwait",55,"Kuwait","total  -  Animation"
"total  -  Comedy  -  Kuwait",158,"Kuwait","total  -  Comedy"
"total  -  Crime  -  Kuwait",138,"Kuwait","total  -  Crime"
"total  -  Drama  -  Kuwait",331,"Kuwait","total  -  Drama"
"total  -  Fantasy  -  Kuwait",42,"Kuwait","total  -  Fantasy"
"total  -  Mystery  -  Kuwait",56,"Kuwait","total  -  Mystery"
"total  -  Romance  -  Kuwait",76,"Kuwait","total  -  Romance"
"total  -  Thriller  -  Kuwait",86,"Kuwait","total  -  Thriller"
"total  -  Action  -  Latvia",171,"Latvia","total  -  Action"
"total  -  Adventure  -  Latvia",138,"Latvia","total  -  Adventure"
"total  -  Animation  -  Latvia",81,"Latvia","total  -  Animation"
"total  -  Comedy  -  Latvia",247,"Latvia","total  -  Comedy"
"total  -  Crime  -  Latvia",113,"Latvia","total  -  Crime"
"total  -  Drama  -  Latvia",270,"Latvia","total  -  Drama"
"total  -  Mystery  -  Latvia",64,"Latvia","total  -  Mystery"
"total  -  Romance  -  Latvia",91,"Latvia","total  -  Romance"
"total  -  Sci Fi  -  Latvia",42,"Latvia","total  -  Sci Fi"
"total  -  Thriller  -  Latvia",54,"Latvia","total  -  Thriller"
"total  -  Action  -  Lebanon",217,"Lebanon","total  -  Action"
"total  -  Adventure  -  Lebanon",104,"Lebanon","total  -  Adventure"
"total  -  Animation  -  Lebanon",25,"Lebanon","total  -  Animation"
"total  -  Comedy  -  Lebanon",177,"Lebanon","total  -  Comedy"
"total  -  Crime  -  Lebanon",155,"Lebanon","total  -  Crime"
"total  -  Drama  -  Lebanon",379,"Lebanon","total  -  Drama"
"total  -  Fantasy  -  Lebanon",47,"Lebanon","total  -  Fantasy"
"total  -  Mystery  -  Lebanon",40,"Lebanon","total  -  Mystery"
"total  -  Romance  -  Lebanon",116,"Lebanon","total  -  Romance"
"total  -  Sci Fi  -  Lebanon",25,"Lebanon","total  -  Sci Fi"
"total  -  Thriller  -  Lebanon",76,"Lebanon","total  -  Thriller"
"total  -  Action  -  Lithuania",148,"Lithuania","total  -  Action"
"total  -  Adventure  -  Lithuania",93,"Lithuania","total  -  Adventure"
"total  -  Animation  -  Lithuania",48,"Lithuania","total  -  Animation"
"total  -  Comedy  -  Lithuania",221,"Lithuania","total  -  Comedy"
"total  -  Crime  -  Lithuania",118,"Lithuania","total  -  Crime"
"total  -  Drama  -  Lithuania",266,"Lithuania","total  -  Drama"
"total  -  Fantasy  -  Lithuania",33,"Lithuania","total  -  Fantasy"
"total  -  Mystery  -  Lithuania",51,"Lithuania","total  -  Mystery"
"total  -  Romance  -  Lithuania",103,"Lithuania","total  -  Romance"
"total  -  Thriller  -  Lithuania",59,"Lithuania","total  -  Thriller"
"total  -  Action  -  Luxembourg",190,"Luxembourg","total  -  Action"
"total  -  Adventure  -  Luxembourg",125,"Luxembourg","total  -  Adventure"
"total  -  Animation  -  Luxembourg",50,"Luxembourg","total  -  Animation"
"total  -  Comedy  -  Luxembourg",176,"Luxembourg","total  -  Comedy"
"total  -  Crime  -  Luxembourg",149,"Luxembourg","total  -  Crime"
"total  -  Drama  -  Luxembourg",346,"Luxembourg","total  -  Drama"
"total  -  Fantasy  -  Luxembourg",49,"Luxembourg","total  -  Fantasy"
"total  -  Mystery  -  Luxembourg",52,"Luxembourg","total  -  Mystery"
"total  -  Romance  -  Luxembourg",101,"Luxembourg","total  -  Romance"
"total  -  Thriller  -  Luxembourg",57,"Luxembourg","total  -  Thriller"
"total  -  Action  -  Malaysia",257,"Malaysia","total  -  Action"
"total  -  Adventure  -  Malaysia",114,"Malaysia","total  -  Adventure"
"total  -  Animation  -  Malaysia",41,"Malaysia","total  -  Animation"
"total  -  Comedy  -  Malaysia",187,"Malaysia","total  -  Comedy"
"total  -  Crime  -  Malaysia",156,"Malaysia","total  -  Crime"
"total  -  Drama  -  Malaysia",315,"Malaysia","total  -  Drama"
"total  -  Fantasy  -  Malaysia",37,"Malaysia","total  -  Fantasy"
"total  -  Horror  -  Malaysia",37,"Malaysia","total  -  Horror"
"total  -  Mystery  -  Malaysia",78,"Malaysia","total  -  Mystery"
"total  -  Romance  -  Malaysia",99,"Malaysia","total  -  Romance"
"total  -  Thriller  -  Malaysia",78,"Malaysia","total  -  Thriller"
"total  -  Action  -  Maldives",210,"Maldives","total  -  Action"
"total  -  Adventure  -  Maldives",104,"Maldives","total  -  Adventure"
"total  -  Animation  -  Maldives",41,"Maldives","total  -  Animation"
"total  -  Comedy  -  Maldives",179,"Maldives","total  -  Comedy"
"total  -  Crime  -  Maldives",172,"Maldives","total  -  Crime"
"total  -  Drama  -  Maldives",330,"Maldives","total  -  Drama"
"total  -  Mystery  -  Maldives",83,"Maldives","total  -  Mystery"
"total  -  Romance  -  Maldives",101,"Maldives","total  -  Romance"
"total  -  Sci Fi  -  Maldives",33,"Maldives","total  -  Sci Fi"
"total  -  Thriller  -  Maldives",73,"Maldives","total  -  Thriller"
"total  -  Action  -  Malta",192,"Malta","total  -  Action"
"total  -  Adventure  -  Malta",93,"Malta","total  -  Adventure"
"total  -  Comedy  -  Malta",163,"Malta","total  -  Comedy"
"total  -  Crime  -  Malta",167,"Malta","total  -  Crime"
"total  -  Drama  -  Malta",341,"Malta","total  -  Drama"
"total  -  Fantasy  -  Malta",31,"Malta","total  -  Fantasy"
"total  -  Mystery  -  Malta",63,"Malta","total  -  Mystery"
"total  -  Romance  -  Malta",102,"Malta","total  -  Romance"
"total  -  Sci Fi  -  Malta",37,"Malta","total  -  Sci Fi"
"total  -  Thriller  -  Malta",66,"Malta","total  -  Thriller"
"total  -  Action  -  Martinique",227,"Martinique","total  -  Action"
"total  -  Adventure  -  Martinique",106,"Martinique","total  -  Adventure"
"total  -  Animation  -  Martinique",46,"Martinique","total  -  Animation"
"total  -  Comedy  -  Martinique",164,"Martinique","total  -  Comedy"
"total  -  Crime  -  Martinique",146,"Martinique","total  -  Crime"
"total  -  Drama  -  Martinique",351,"Martinique","total  -  Drama"
"total  -  Fantasy  -  Martinique",42,"Martinique","total  -  Fantasy"
"total  -  Mystery  -  Martinique",43,"Martinique","total  -  Mystery"
"total  -  Romance  -  Martinique",87,"Martinique","total  -  Romance"
"total  -  Thriller  -  Martinique",72,"Martinique","total  -  Thriller"
"total  -  Action  -  Mauritius",220,"Mauritius","total  -  Action"
"total  -  Adventure  -  Mauritius",102,"Mauritius","total  -  Adventure"
"total  -  Comedy  -  Mauritius",195,"Mauritius","total  -  Comedy"
"total  -  Crime  -  Mauritius",155,"Mauritius","total  -  Crime"
"total  -  Drama  -  Mauritius",328,"Mauritius","total  -  Drama"
"total  -  Fantasy  -  Mauritius",43,"Mauritius","total  -  Fantasy"
"total  -  Mystery  -  Mauritius",68,"Mauritius","total  -  Mystery"
"total  -  Romance  -  Mauritius",99,"Mauritius","total  -  Romance"
"total  -  Sci Fi  -  Mauritius",37,"Mauritius","total  -  Sci Fi"
"total  -  Thriller  -  Mauritius",71,"Mauritius","total  -  Thriller"
"total  -  Action  -  Mexico",130,"Mexico","total  -  Action"
"total  -  Adventure  -  Mexico",128,"Mexico","total  -  Adventure"
"total  -  Animation  -  Mexico",84,"Mexico","total  -  Animation"
"total  -  Comedy  -  Mexico",212,"Mexico","total  -  Comedy"
"total  -  Crime  -  Mexico",105,"Mexico","total  -  Crime"
"total  -  Drama  -  Mexico",333,"Mexico","total  -  Drama"
"total  -  Fantasy  -  Mexico",34,"Mexico","total  -  Fantasy"
"total  -  Mystery  -  Mexico",51,"Mexico","total  -  Mystery"
"total  -  Romance  -  Mexico",112,"Mexico","total  -  Romance"
"total  -  Thriller  -  Mexico",62,"Mexico","total  -  Thriller"
"total  -  Action  -  Morocco",270,"Morocco","total  -  Action"
"total  -  Adventure  -  Morocco",100,"Morocco","total  -  Adventure"
"total  -  Animation  -  Morocco",34,"Morocco","total  -  Animation"
"total  -  Comedy  -  Morocco",167,"Morocco","total  -  Comedy"
"total  -  Crime  -  Morocco",201,"Morocco","total  -  Crime"
"total  -  Drama  -  Morocco",373,"Morocco","total  -  Drama"
"total  -  Fantasy  -  Morocco",31,"Morocco","total  -  Fantasy"
"total  -  Mystery  -  Morocco",61,"Morocco","total  -  Mystery"
"total  -  Romance  -  Morocco",78,"Morocco","total  -  Romance"
"total  -  Thriller  -  Morocco",85,"Morocco","total  -  Thriller"
"total  -  Action  -  Netherlands",177,"Netherlands","total  -  Action"
"total  -  Adventure  -  Netherlands",127,"Netherlands","total  -  Adventure"
"total  -  Animation  -  Netherlands",51,"Netherlands","total  -  Animation"
"total  -  Comedy  -  Netherlands",160,"Netherlands","total  -  Comedy"
"total  -  Crime  -  Netherlands",153,"Netherlands","total  -  Crime"
"total  -  Drama  -  Netherlands",335,"Netherlands","total  -  Drama"
"total  -  Fantasy  -  Netherlands",41,"Netherlands","total  -  Fantasy"
"total  -  Mystery  -  Netherlands",58,"Netherlands","total  -  Mystery"
"total  -  Romance  -  Netherlands",95,"Netherlands","total  -  Romance"
"total  -  Thriller  -  Netherlands",60,"Netherlands","total  -  Thriller"
"total  -  Action  -  New Caledonia",274,"New Caledonia","total  -  Action"
"total  -  Adventure  -  New Caledonia",136,"New Caledonia","total  -  Adventure"
"total  -  Animation  -  New Caledonia",64,"New Caledonia","total  -  Animation"
"total  -  Comedy  -  New Caledonia",139,"New Caledonia","total  -  Comedy"
"total  -  Crime  -  New Caledonia",144,"New Caledonia","total  -  Crime"
"total  -  Drama  -  New Caledonia",341,"New Caledonia","total  -  Drama"
"total  -  Fantasy  -  New Caledonia",54,"New Caledonia","total  -  Fantasy"
"total  -  Mystery  -  New Caledonia",38,"New Caledonia","total  -  Mystery"
"total  -  Romance  -  New Caledonia",63,"New Caledonia","total  -  Romance"
"total  -  Thriller  -  New Caledonia",68,"New Caledonia","total  -  Thriller"
"total  -  Action  -  New Zealand",201,"New Zealand","total  -  Action"
"total  -  Adventure  -  New Zealand",120,"New Zealand","total  -  Adventure"
"total  -  Animation  -  New Zealand",73,"New Zealand","total  -  Animation"
"total  -  Comedy  -  New Zealand",173,"New Zealand","total  -  Comedy"
"total  -  Crime  -  New Zealand",140,"New Zealand","total  -  Crime"
"total  -  Documentary  -  New Zealand",33,"New Zealand","total  -  Documentary"
"total  -  Drama  -  New Zealand",294,"New Zealand","total  -  Drama"
"total  -  Mystery  -  New Zealand",58,"New Zealand","total  -  Mystery"
"total  -  Romance  -  New Zealand",70,"New Zealand","total  -  Romance"
"total  -  Thriller  -  New Zealand",71,"New Zealand","total  -  Thriller"
"total  -  Action  -  Nicaragua",139,"Nicaragua","total  -  Action"
"total  -  Adventure  -  Nicaragua",80,"Nicaragua","total  -  Adventure"
"total  -  Animation  -  Nicaragua",40,"Nicaragua","total  -  Animation"
"total  -  Comedy  -  Nicaragua",184,"Nicaragua","total  -  Comedy"
"total  -  Crime  -  Nicaragua",102,"Nicaragua","total  -  Crime"
"total  -  Drama  -  Nicaragua",314,"Nicaragua","total  -  Drama"
"total  -  Music  -  Nicaragua",30,"Nicaragua","total  -  Music"
"total  -  Mystery  -  Nicaragua",48,"Nicaragua","total  -  Mystery"
"total  -  Romance  -  Nicaragua",124,"Nicaragua","total  -  Romance"
"total  -  Thriller  -  Nicaragua",70,"Nicaragua","total  -  Thriller"
"total  -  Action  -  Nigeria",208,"Nigeria","total  -  Action"
"total  -  Adventure  -  Nigeria",70,"Nigeria","total  -  Adventure"
"total  -  Comedy  -  Nigeria",135,"Nigeria","total  -  Comedy"
"total  -  Crime  -  Nigeria",158,"Nigeria","total  -  Crime"
"total  -  Drama  -  Nigeria",348,"Nigeria","total  -  Drama"
"total  -  Fantasy  -  Nigeria",33,"Nigeria","total  -  Fantasy"
"total  -  Mystery  -  Nigeria",71,"Nigeria","total  -  Mystery"
"total  -  Romance  -  Nigeria",120,"Nigeria","total  -  Romance"
"total  -  Sci Fi  -  Nigeria",43,"Nigeria","total  -  Sci Fi"
"total  -  Thriller  -  Nigeria",63,"Nigeria","total  -  Thriller"
"total  -  Action  -  Norway",191,"Norway","total  -  Action"
"total  -  Adventure  -  Norway",120,"Norway","total  -  Adventure"
"total  -  Animation  -  Norway",50,"Norway","total  -  Animation"
"total  -  Comedy  -  Norway",175,"Norway","total  -  Comedy"
"total  -  Crime  -  Norway",154,"Norway","total  -  Crime"
"total  -  Drama  -  Norway",347,"Norway","total  -  Drama"
"total  -  Fantasy  -  Norway",40,"Norway","total  -  Fantasy"
"total  -  Mystery  -  Norway",51,"Norway","total  -  Mystery"
"total  -  Romance  -  Norway",97,"Norway","total  -  Romance"
"total  -  Thriller  -  Norway",61,"Norway","total  -  Thriller"
"total  -  Action  -  Oman",208,"Oman","total  -  Action"
"total  -  Adventure  -  Oman",104,"Oman","total  -  Adventure"
"total  -  Comedy  -  Oman",118,"Oman","total  -  Comedy"
"total  -  Crime  -  Oman",131,"Oman","total  -  Crime"
"total  -  Drama  -  Oman",299,"Oman","total  -  Drama"
"total  -  Fantasy  -  Oman",36,"Oman","total  -  Fantasy"
"total  -  Horror  -  Oman",32,"Oman","total  -  Horror"
"total  -  Mystery  -  Oman",52,"Oman","total  -  Mystery"
"total  -  Romance  -  Oman",58,"Oman","total  -  Romance"
"total  -  Thriller  -  Oman",79,"Oman","total  -  Thriller"
"total  -  Action  -  Pakistan",308,"Pakistan","total  -  Action"
"total  -  Adventure  -  Pakistan",100,"Pakistan","total  -  Adventure"
"total  -  Comedy  -  Pakistan",146,"Pakistan","total  -  Comedy"
"total  -  Crime  -  Pakistan",242,"Pakistan","total  -  Crime"
"total  -  Drama  -  Pakistan",393,"Pakistan","total  -  Drama"
"total  -  Horror  -  Pakistan",35,"Pakistan","total  -  Horror"
"total  -  Mystery  -  Pakistan",97,"Pakistan","total  -  Mystery"
"total  -  Romance  -  Pakistan",63,"Pakistan","total  -  Romance"
"total  -  Sci Fi  -  Pakistan",45,"Pakistan","total  -  Sci Fi"
"total  -  Thriller  -  Pakistan",97,"Pakistan","total  -  Thriller"
"total  -  Action  -  Panama",152,"Panama","total  -  Action"
"total  -  Adventure  -  Panama",105,"Panama","total  -  Adventure"
"total  -  Animation  -  Panama",58,"Panama","total  -  Animation"
"total  -  Comedy  -  Panama",184,"Panama","total  -  Comedy"
"total  -  Crime  -  Panama",122,"Panama","total  -  Crime"
"total  -  Drama  -  Panama",323,"Panama","total  -  Drama"
"total  -  Horror  -  Panama",30,"Panama","total  -  Horror"
"total  -  Mystery  -  Panama",45,"Panama","total  -  Mystery"
"total  -  Romance  -  Panama",125,"Panama","total  -  Romance"
"total  -  Thriller  -  Panama",73,"Panama","total  -  Thriller"
"total  -  Action  -  Paraguay",146,"Paraguay","total  -  Action"
"total  -  Adventure  -  Paraguay",100,"Paraguay","total  -  Adventure"
"total  -  Animation  -  Paraguay",51,"Paraguay","total  -  Animation"
"total  -  Comedy  -  Paraguay",191,"Paraguay","total  -  Comedy"
"total  -  Crime  -  Paraguay",114,"Paraguay","total  -  Crime"
"total  -  Drama  -  Paraguay",333,"Paraguay","total  -  Drama"
"total  -  Music  -  Paraguay",31,"Paraguay","total  -  Music"
"total  -  Mystery  -  Paraguay",54,"Paraguay","total  -  Mystery"
"total  -  Romance  -  Paraguay",126,"Paraguay","total  -  Romance"
"total  -  Thriller  -  Paraguay",74,"Paraguay","total  -  Thriller"
"total  -  Action  -  Peru",163,"Peru","total  -  Action"
"total  -  Adventure  -  Peru",115,"Peru","total  -  Adventure"
"total  -  Animation  -  Peru",61,"Peru","total  -  Animation"
"total  -  Comedy  -  Peru",179,"Peru","total  -  Comedy"
"total  -  Crime  -  Peru",107,"Peru","total  -  Crime"
"total  -  Drama  -  Peru",301,"Peru","total  -  Drama"
"total  -  Fantasy  -  Peru",31,"Peru","total  -  Fantasy"
"total  -  Mystery  -  Peru",46,"Peru","total  -  Mystery"
"total  -  Romance  -  Peru",113,"Peru","total  -  Romance"
"total  -  Thriller  -  Peru",65,"Peru","total  -  Thriller"
"total  -  Action  -  Philippines",219,"Philippines","total  -  Action"
"total  -  Adventure  -  Philippines",99,"Philippines","total  -  Adventure"
"total  -  Comedy  -  Philippines",144,"Philippines","total  -  Comedy"
"total  -  Crime  -  Philippines",118,"Philippines","total  -  Crime"
"total  -  Drama  -  Philippines",337,"Philippines","total  -  Drama"
"total  -  Horror  -  Philippines",39,"Philippines","total  -  Horror"
"total  -  Mystery  -  Philippines",66,"Philippines","total  -  Mystery"
"total  -  Romance  -  Philippines",103,"Philippines","total  -  Romance"
"total  -  Sci Fi  -  Philippines",49,"Philippines","total  -  Sci Fi"
"total  -  Thriller  -  Philippines",87,"Philippines","total  -  Thriller"
"total  -  Action  -  Poland",159,"Poland","total  -  Action"
"total  -  Adventure  -  Poland",168,"Poland","total  -  Adventure"
"total  -  Animation  -  Poland",103,"Poland","total  -  Animation"
"total  -  Comedy  -  Poland",209,"Poland","total  -  Comedy"
"total  -  Crime  -  Poland",146,"Poland","total  -  Crime"
"total  -  Drama  -  Poland",309,"Poland","total  -  Drama"
"total  -  Fantasy  -  Poland",40,"Poland","total  -  Fantasy"
"total  -  Mystery  -  Poland",55,"Poland","total  -  Mystery"
"total  -  Romance  -  Poland",81,"Poland","total  -  Romance"
"total  -  Thriller  -  Poland",77,"Poland","total  -  Thriller"
"total  -  Action  -  Portugal",176,"Portugal","total  -  Action"
"total  -  Adventure  -  Portugal",126,"Portugal","total  -  Adventure"
"total  -  Comedy  -  Portugal",180,"Portugal","total  -  Comedy"
"total  -  Crime  -  Portugal",121,"Portugal","total  -  Crime"
"total  -  Drama  -  Portugal",340,"Portugal","total  -  Drama"
"total  -  Family  -  Portugal",43,"Portugal","total  -  Family"
"total  -  Music  -  Portugal",37,"Portugal","total  -  Music"
"total  -  Mystery  -  Portugal",41,"Portugal","total  -  Mystery"
"total  -  Romance  -  Portugal",102,"Portugal","total  -  Romance"
"total  -  Thriller  -  Portugal",63,"Portugal","total  -  Thriller"
"total  -  Action  -  Qatar",225,"Qatar","total  -  Action"
"total  -  Adventure  -  Qatar",123,"Qatar","total  -  Adventure"
"total  -  Animation  -  Qatar",31,"Qatar","total  -  Animation"
"total  -  Comedy  -  Qatar",149,"Qatar","total  -  Comedy"
"total  -  Crime  -  Qatar",144,"Qatar","total  -  Crime"
"total  -  Drama  -  Qatar",347,"Qatar","total  -  Drama"
"total  -  Fantasy  -  Qatar",42,"Qatar","total  -  Fantasy"
"total  -  Mystery  -  Qatar",57,"Qatar","total  -  Mystery"
"total  -  Romance  -  Qatar",106,"Qatar","total  -  Romance"
"total  -  Thriller  -  Qatar",78,"Qatar","total  -  Thriller"
"total  -  Action  -  Romania",193,"Romania","total  -  Action"
"total  -  Adventure  -  Romania",104,"Romania","total  -  Adventure"
"total  -  Animation  -  Romania",26,"Romania","total  -  Animation"
"total  -  Comedy  -  Romania",144,"Romania","total  -  Comedy"
"total  -  Crime  -  Romania",158,"Romania","total  -  Crime"
"total  -  Drama  -  Romania",354,"Romania","total  -  Drama"
"total  -  Fantasy  -  Romania",42,"Romania","total  -  Fantasy"
"total  -  Mystery  -  Romania",74,"Romania","total  -  Mystery"
"total  -  Romance  -  Romania",113,"Romania","total  -  Romance"
"total  -  Thriller  -  Romania",87,"Romania","total  -  Thriller"
"total  -  Action  -  Russia",274,"Russia","total  -  Action"
"total  -  Adventure  -  Russia",131,"Russia","total  -  Adventure"
"total  -  Animation  -  Russia",56,"Russia","total  -  Animation"
"total  -  Comedy  -  Russia",166,"Russia","total  -  Comedy"
"total  -  Crime  -  Russia",225,"Russia","total  -  Crime"
"total  -  Drama  -  Russia",349,"Russia","total  -  Drama"
"total  -  Fantasy  -  Russia",39,"Russia","total  -  Fantasy"
"total  -  Mystery  -  Russia",55,"Russia","total  -  Mystery"
"total  -  Romance  -  Russia",68,"Russia","total  -  Romance"
"total  -  Thriller  -  Russia",64,"Russia","total  -  Thriller"
"total  -  Action  -  Réunion",223,"Réunion","total  -  Action"
"total  -  Adventure  -  Réunion",131,"Réunion","total  -  Adventure"
"total  -  Animation  -  Réunion",60,"Réunion","total  -  Animation"
"total  -  Comedy  -  Réunion",169,"Réunion","total  -  Comedy"
"total  -  Crime  -  Réunion",124,"Réunion","total  -  Crime"
"total  -  Drama  -  Réunion",341,"Réunion","total  -  Drama"
"total  -  Fantasy  -  Réunion",52,"Réunion","total  -  Fantasy"
"total  -  Mystery  -  Réunion",47,"Réunion","total  -  Mystery"
"total  -  Romance  -  Réunion",79,"Réunion","total  -  Romance"
"total  -  Thriller  -  Réunion",65,"Réunion","total  -  Thriller"
"total  -  Action  -  Saudi Arabia",254,"Saudi Arabia","total  -  Action"
"total  -  Adventure  -  Saudi Arabia",103,"Saudi Arabia","total  -  Adventure"
"total  -  Animation  -  Saudi Arabia",42,"Saudi Arabia","total  -  Animation"
"total  -  Comedy  -  Saudi Arabia",140,"Saudi Arabia","total  -  Comedy"
"total  -  Crime  -  Saudi Arabia",171,"Saudi Arabia","total  -  Crime"
"total  -  Drama  -  Saudi Arabia",354,"Saudi Arabia","total  -  Drama"
"total  -  Horror  -  Saudi Arabia",38,"Saudi Arabia","total  -  Horror"
"total  -  Mystery  -  Saudi Arabia",54,"Saudi Arabia","total  -  Mystery"
"total  -  Romance  -  Saudi Arabia",77,"Saudi Arabia","total  -  Romance"
"total  -  Thriller  -  Saudi Arabia",92,"Saudi Arabia","total  -  Thriller"
"total  -  Action  -  Serbia",217,"Serbia","total  -  Action"
"total  -  Adventure  -  Serbia",112,"Serbia","total  -  Adventure"
"total  -  Animation  -  Serbia",38,"Serbia","total  -  Animation"
"total  -  Comedy  -  Serbia",186,"Serbia","total  -  Comedy"
"total  -  Crime  -  Serbia",166,"Serbia","total  -  Crime"
"total  -  Drama  -  Serbia",331,"Serbia","total  -  Drama"
"total  -  Fantasy  -  Serbia",30,"Serbia","total  -  Fantasy"
"total  -  Mystery  -  Serbia",51,"Serbia","total  -  Mystery"
"total  -  Romance  -  Serbia",101,"Serbia","total  -  Romance"
"total  -  Thriller  -  Serbia",75,"Serbia","total  -  Thriller"
"total  -  Action  -  Singapore",235,"Singapore","total  -  Action"
"total  -  Adventure  -  Singapore",102,"Singapore","total  -  Adventure"
"total  -  Comedy  -  Singapore",154,"Singapore","total  -  Comedy"
"total  -  Crime  -  Singapore",138,"Singapore","total  -  Crime"
"total  -  Drama  -  Singapore",333,"Singapore","total  -  Drama"
"total  -  Horror  -  Singapore",36,"Singapore","total  -  Horror"
"total  -  Mystery  -  Singapore",79,"Singapore","total  -  Mystery"
"total  -  Romance  -  Singapore",89,"Singapore","total  -  Romance"
"total  -  Sci Fi  -  Singapore",50,"Singapore","total  -  Sci Fi"
"total  -  Thriller  -  Singapore",77,"Singapore","total  -  Thriller"
"total  -  Action  -  Slovakia",203,"Slovakia","total  -  Action"
"total  -  Adventure  -  Slovakia",138,"Slovakia","total  -  Adventure"
"total  -  Animation  -  Slovakia",71,"Slovakia","total  -  Animation"
"total  -  Comedy  -  Slovakia",189,"Slovakia","total  -  Comedy"
"total  -  Crime  -  Slovakia",149,"Slovakia","total  -  Crime"
"total  -  Documentary  -  Slovakia",36,"Slovakia","total  -  Documentary"
"total  -  Drama  -  Slovakia",310,"Slovakia","total  -  Drama"
"total  -  Mystery  -  Slovakia",49,"Slovakia","total  -  Mystery"
"total  -  Romance  -  Slovakia",87,"Slovakia","total  -  Romance"
"total  -  Thriller  -  Slovakia",58,"Slovakia","total  -  Thriller"
"total  -  Action  -  Slovenia",191,"Slovenia","total  -  Action"
"total  -  Adventure  -  Slovenia",116,"Slovenia","total  -  Adventure"
"total  -  Animation  -  Slovenia",41,"Slovenia","total  -  Animation"
"total  -  Comedy  -  Slovenia",194,"Slovenia","total  -  Comedy"
"total  -  Crime  -  Slovenia",123,"Slovenia","total  -  Crime"
"total  -  Drama  -  Slovenia",274,"Slovenia","total  -  Drama"
"total  -  Fantasy  -  Slovenia",36,"Slovenia","total  -  Fantasy"
"total  -  Mystery  -  Slovenia",43,"Slovenia","total  -  Mystery"
"total  -  Romance  -  Slovenia",86,"Slovenia","total  -  Romance"
"total  -  Thriller  -  Slovenia",59,"Slovenia","total  -  Thriller"
"total  -  Action  -  South Africa",196,"South Africa","total  -  Action"
"total  -  Adventure  -  South Africa",101,"South Africa","total  -  Adventure"
"total  -  Animation  -  South Africa",47,"South Africa","total  -  Animation"
"total  -  Comedy  -  South Africa",195,"South Africa","total  -  Comedy"
"total  -  Crime  -  South Africa",118,"South Africa","total  -  Crime"
"total  -  Drama  -  South Africa",331,"South Africa","total  -  Drama"
"total  -  Mystery  -  South Africa",66,"South Africa","total  -  Mystery"
"total  -  Romance  -  South Africa",107,"South Africa","total  -  Romance"
"total  -  Sci Fi  -  South Africa",51,"South Africa","total  -  Sci Fi"
"total  -  Thriller  -  South Africa",60,"South Africa","total  -  Thriller"
"total  -  Action  -  South Korea",206,"South Korea","total  -  Action"
"total  -  Adventure  -  South Korea",74,"South Korea","total  -  Adventure"
"total  -  Comedy  -  South Korea",167,"South Korea","total  -  Comedy"
"total  -  Crime  -  South Korea",95,"South Korea","total  -  Crime"
"total  -  Drama  -  South Korea",316,"South Korea","total  -  Drama"
"total  -  Horror  -  South Korea",36,"South Korea","total  -  Horror"
"total  -  Mystery  -  South Korea",45,"South Korea","total  -  Mystery"
"total  -  Romance  -  South Korea",107,"South Korea","total  -  Romance"
"total  -  Sci Fi  -  South Korea",36,"South Korea","total  -  Sci Fi"
"total  -  Thriller  -  South Korea",74,"South Korea","total  -  Thriller"
"total  -  Action  -  Spain",182,"Spain","total  -  Action"
"total  -  Adventure  -  Spain",105,"Spain","total  -  Adventure"
"total  -  Comedy  -  Spain",166,"Spain","total  -  Comedy"
"total  -  Crime  -  Spain",144,"Spain","total  -  Crime"
"total  -  Drama  -  Spain",329,"Spain","total  -  Drama"
"total  -  Fantasy  -  Spain",35,"Spain","total  -  Fantasy"
"total  -  Horror  -  Spain",33,"Spain","total  -  Horror"
"total  -  Mystery  -  Spain",51,"Spain","total  -  Mystery"
"total  -  Romance  -  Spain",120,"Spain","total  -  Romance"
"total  -  Thriller  -  Spain",60,"Spain","total  -  Thriller"
"total  -  Action  -  Sri Lanka",200,"Sri Lanka","total  -  Action"
"total  -  Adventure  -  Sri Lanka",79,"Sri Lanka","total  -  Adventure"
"total  -  Comedy  -  Sri Lanka",179,"Sri Lanka","total  -  Comedy"
"total  -  Crime  -  Sri Lanka",154,"Sri Lanka","total  -  Crime"
"total  -  Drama  -  Sri Lanka",371,"Sri Lanka","total  -  Drama"
"total  -  Fantasy  -  Sri Lanka",31,"Sri Lanka","total  -  Fantasy"
"total  -  Mystery  -  Sri Lanka",83,"Sri Lanka","total  -  Mystery"
"total  -  Romance  -  Sri Lanka",110,"Sri Lanka","total  -  Romance"
"total  -  Sci Fi  -  Sri Lanka",39,"Sri Lanka","total  -  Sci Fi"
"total  -  Thriller  -  Sri Lanka",68,"Sri Lanka","total  -  Thriller"
"total  -  Action  -  Sweden",197,"Sweden","total  -  Action"
"total  -  Adventure  -  Sweden",128,"Sweden","total  -  Adventure"
"total  -  Animation  -  Sweden",55,"Sweden","total  -  Animation"
"total  -  Comedy  -  Sweden",159,"Sweden","total  -  Comedy"
"total  -  Crime  -  Sweden",149,"Sweden","total  -  Crime"
"total  -  Drama  -  Sweden",337,"Sweden","total  -  Drama"
"total  -  Fantasy  -  Sweden",45,"Sweden","total  -  Fantasy"
"total  -  Mystery  -  Sweden",57,"Sweden","total  -  Mystery"
"total  -  Romance  -  Sweden",85,"Sweden","total  -  Romance"
"total  -  Thriller  -  Sweden",58,"Sweden","total  -  Thriller"
"total  -  Action  -  Switzerland",202,"Switzerland","total  -  Action"
"total  -  Adventure  -  Switzerland",124,"Switzerland","total  -  Adventure"
"total  -  Comedy  -  Switzerland",176,"Switzerland","total  -  Comedy"
"total  -  Crime  -  Switzerland",164,"Switzerland","total  -  Crime"
"total  -  Drama  -  Switzerland",348,"Switzerland","total  -  Drama"
"total  -  Family  -  Switzerland",39,"Switzerland","total  -  Family"
"total  -  Fantasy  -  Switzerland",57,"Switzerland","total  -  Fantasy"
"total  -  Mystery  -  Switzerland",61,"Switzerland","total  -  Mystery"
"total  -  Romance  -  Switzerland",97,"Switzerland","total  -  Romance"
"total  -  Thriller  -  Switzerland",61,"Switzerland","total  -  Thriller"
"total  -  Action  -  Taiwan",214,"Taiwan","total  -  Action"
"total  -  Adventure  -  Taiwan",102,"Taiwan","total  -  Adventure"
"total  -  Comedy  -  Taiwan",161,"Taiwan","total  -  Comedy"
"total  -  Crime  -  Taiwan",112,"Taiwan","total  -  Crime"
"total  -  Drama  -  Taiwan",360,"Taiwan","total  -  Drama"
"total  -  Fantasy  -  Taiwan",36,"Taiwan","total  -  Fantasy"
"total  -  Mystery  -  Taiwan",85,"Taiwan","total  -  Mystery"
"total  -  Romance  -  Taiwan",149,"Taiwan","total  -  Romance"
"total  -  Sci Fi  -  Taiwan",50,"Taiwan","total  -  Sci Fi"
"total  -  Thriller  -  Taiwan",62,"Taiwan","total  -  Thriller"
"total  -  Action  -  Thailand",257,"Thailand","total  -  Action"
"total  -  Adventure  -  Thailand",145,"Thailand","total  -  Adventure"
"total  -  Animation  -  Thailand",48,"Thailand","total  -  Animation"
"total  -  Comedy  -  Thailand",190,"Thailand","total  -  Comedy"
"total  -  Crime  -  Thailand",123,"Thailand","total  -  Crime"
"total  -  Drama  -  Thailand",267,"Thailand","total  -  Drama"
"total  -  Mystery  -  Thailand",64,"Thailand","total  -  Mystery"
"total  -  Romance  -  Thailand",131,"Thailand","total  -  Romance"
"total  -  Sci Fi  -  Thailand",47,"Thailand","total  -  Sci Fi"
"total  -  Thriller  -  Thailand",78,"Thailand","total  -  Thriller"
"total  -  Action  -  Trinidad and Tobago",193,"Trinidad and Tobago","total  -  Action"
"total  -  Adventure  -  Trinidad and Tobago",116,"Trinidad and Tobago","total  -  Adventure"
"total  -  Animation  -  Trinidad and Tobago",54,"Trinidad and Tobago","total  -  Animation"
"total  -  Comedy  -  Trinidad and Tobago",172,"Trinidad and Tobago","total  -  Comedy"
"total  -  Crime  -  Trinidad and Tobago",134,"Trinidad and Tobago","total  -  Crime"
"total  -  Drama  -  Trinidad and Tobago",294,"Trinidad and Tobago","total  -  Drama"
"total  -  Fantasy  -  Trinidad and Tobago",43,"Trinidad and Tobago","total  -  Fantasy"
"total  -  Mystery  -  Trinidad and Tobago",53,"Trinidad and Tobago","total  -  Mystery"
"total  -  Romance  -  Trinidad and Tobago",94,"Trinidad and Tobago","total  -  Romance"
"total  -  Thriller  -  Trinidad and Tobago",98,"Trinidad and Tobago","total  -  Thriller"
"total  -  Action  -  Turkey",227,"Turkey","total  -  Action"
"total  -  Adventure  -  Turkey",121,"Turkey","total  -  Adventure"
"total  -  Comedy  -  Turkey",144,"Turkey","total  -  Comedy"
"total  -  Crime  -  Turkey",157,"Turkey","total  -  Crime"
"total  -  Drama  -  Turkey",381,"Turkey","total  -  Drama"
"total  -  Fantasy  -  Turkey",60,"Turkey","total  -  Fantasy"
"total  -  Horror  -  Turkey",41,"Turkey","total  -  Horror"
"total  -  Mystery  -  Turkey",54,"Turkey","total  -  Mystery"
"total  -  Romance  -  Turkey",97,"Turkey","total  -  Romance"
"total  -  Thriller  -  Turkey",78,"Turkey","total  -  Thriller"
"total  -  Action  -  Ukraine",232,"Ukraine","total  -  Action"
"total  -  Adventure  -  Ukraine",137,"Ukraine","total  -  Adventure"
"total  -  Animation  -  Ukraine",64,"Ukraine","total  -  Animation"
"total  -  Comedy  -  Ukraine",179,"Ukraine","total  -  Comedy"
"total  -  Crime  -  Ukraine",181,"Ukraine","total  -  Crime"
"total  -  Drama  -  Ukraine",338,"Ukraine","total  -  Drama"
"total  -  Fantasy  -  Ukraine",33,"Ukraine","total  -  Fantasy"
"total  -  Mystery  -  Ukraine",50,"Ukraine","total  -  Mystery"
"total  -  Romance  -  Ukraine",80,"Ukraine","total  -  Romance"
"total  -  Thriller  -  Ukraine",69,"Ukraine","total  -  Thriller"
"total  -  Action  -  United Arab Emirates",217,"United Arab Emirates","total  -  Action"
"total  -  Adventure  -  United Arab Emirates",120,"United Arab Emirates","total  -  Adventure"
"total  -  Animation  -  United Arab Emirates",36,"United Arab Emirates","total  -  Animation"
"total  -  Comedy  -  United Arab Emirates",162,"United Arab Emirates","total  -  Comedy"
"total  -  Crime  -  United Arab Emirates",149,"United Arab Emirates","total  -  Crime"
"total  -  Drama  -  United Arab Emirates",350,"United Arab Emirates","total  -  Drama"
"total  -  Fantasy  -  United Arab Emirates",42,"United Arab Emirates","total  -  Fantasy"
"total  -  Mystery  -  United Arab Emirates",57,"United Arab Emirates","total  -  Mystery"
"total  -  Romance  -  United Arab Emirates",111,"United Arab Emirates","total  -  Romance"
"total  -  Thriller  -  United Arab Emirates",74,"United Arab Emirates","total  -  Thriller"
"total  -  Action  -  United Kingdom",181,"United Kingdom","total  -  Action"
"total  -  Adventure  -  United Kingdom",140,"United Kingdom","total  -  Adventure"
"total  -  Animation  -  United Kingdom",59,"United Kingdom","total  -  Animation"
"total  -  Comedy  -  United Kingdom",214,"United Kingdom","total  -  Comedy"
"total  -  Crime  -  United Kingdom",126,"United Kingdom","total  -  Crime"
"total  -  Drama  -  United Kingdom",283,"United Kingdom","total  -  Drama"
"total  -  Mystery  -  United Kingdom",43,"United Kingdom","total  -  Mystery"
"total  -  Romance  -  United Kingdom",94,"United Kingdom","total  -  Romance"
"total  -  Sci Fi  -  United Kingdom",36,"United Kingdom","total  -  Sci Fi"
"total  -  Thriller  -  United Kingdom",60,"United Kingdom","total  -  Thriller"
"total  -  Action  -  United States",163,"United States","total  -  Action"
"total  -  Adventure  -  United States",108,"United States","total  -  Adventure"
"total  -  Animation  -  United States",45,"United States","total  -  Animation"
"total  -  Comedy  -  United States",155,"United States","total  -  Comedy"
"total  -  Crime  -  United States",109,"United States","total  -  Crime"
"total  -  Drama  -  United States",287,"United States","total  -  Drama"
"total  -  Family  -  United States",35,"United States","total  -  Family"
"total  -  Mystery  -  United States",57,"United States","total  -  Mystery"
"total  -  Romance  -  United States",76,"United States","total  -  Romance"
"total  -  Thriller  -  United States",49,"United States","total  -  Thriller"
"total  -  Action  -  Uruguay",145,"Uruguay","total  -  Action"
"total  -  Adventure  -  Uruguay",104,"Uruguay","total  -  Adventure"
"total  -  Animation  -  Uruguay",44,"Uruguay","total  -  Animation"
"total  -  Comedy  -  Uruguay",162,"Uruguay","total  -  Comedy"
"total  -  Crime  -  Uruguay",148,"Uruguay","total  -  Crime"
"total  -  Drama  -  Uruguay",372,"Uruguay","total  -  Drama"
"total  -  Music  -  Uruguay",35,"Uruguay","total  -  Music"
"total  -  Mystery  -  Uruguay",65,"Uruguay","total  -  Mystery"
"total  -  Romance  -  Uruguay",95,"Uruguay","total  -  Romance"
"total  -  Thriller  -  Uruguay",83,"Uruguay","total  -  Thriller"
"total  -  Action  -  Venezuela",141,"Venezuela","total  -  Action"
"total  -  Adventure  -  Venezuela",75,"Venezuela","total  -  Adventure"
"total  -  Animation  -  Venezuela",34,"Venezuela","total  -  Animation"
"total  -  Comedy  -  Venezuela",168,"Venezuela","total  -  Comedy"
"total  -  Crime  -  Venezuela",124,"Venezuela","total  -  Crime"
"total  -  Drama  -  Venezuela",327,"Venezuela","total  -  Drama"
"total  -  Horror  -  Venezuela",28,"Venezuela","total  -  Horror"
"total  -  Mystery  -  Venezuela",50,"Venezuela","total  -  Mystery"
"total  -  Romance  -  Venezuela",125,"Venezuela","total  -  Romance"
"total  -  Thriller  -  Venezuela",80,"Venezuela","total  -  Thriller"
"total  -  Action  -  Vietnam",286,"Vietnam","total  -  Action"
"total  -  Adventure  -  Vietnam",139,"Vietnam","total  -  Adventure"
"total  -  Comedy  -  Vietnam",232,"Vietnam","total  -  Comedy"
"total  -  Crime  -  Vietnam",136,"Vietnam","total  -  Crime"
"total  -  Drama  -  Vietnam",337,"Vietnam","total  -  Drama"
"total  -  Fantasy  -  Vietnam",41,"Vietnam","total  -  Fantasy"
"total  -  Mystery  -  Vietnam",61,"Vietnam","total  -  Mystery"
"total  -  Romance  -  Vietnam",122,"Vietnam","total  -  Romance"
"total  -  Sci Fi  -  Vietnam",51,"Vietnam","total  -  Sci Fi"
"total  -  Thriller  -  Vietnam",76,"Vietnam","total  -  Thriller"
